trial,channel,true_ratio,value_large,value_small,reader_estimate,absolute_error
1,position,0.15,76,11.4,50.0,0.35
2,position,0.25,59,14.75,17.0,0.07999999999999999
3,position,0.4,76,30.4,84.0,0.43999999999999995
4,position,0.55,68,37.4,73.0,0.17999999999999994
5,position,0.7,61,42.7,79.0,0.09000000000000008
6,position,0.85,64,54.4,69.0,0.16000000000000003
7,length,0.15,70,10.5,76.0,0.61
8,length,0.25,86,21.5,14.0,0.10999999999999999
9,length,0.4,78,31.2,70.0,0.29999999999999993
10,length,0.55,48,26.4,67.0,0.12
11,length,0.7,88,61.6,92.0,0.22000000000000008
12,length,0.85,48,40.8,41.0,0.44
13,angle,0.15,72,10.8,66.0,0.51
14,angle,0.25,80,20.0,22.0,0.03
15,angle,0.4,69,27.6,47.0,0.06999999999999995
16,angle,0.55,88,48.4,58.0,0.029999999999999916
17,angle,0.7,68,47.6,32.0,0.37999999999999995
18,angle,0.85,82,69.7,38.0,0.47
19,area,0.15,68,10.2,23.0,0.08000000000000002
20,area,0.25,49,12.25,65.0,0.4
21,area,0.4,86,34.4,17.0,0.23
22,area,0.55,60,33.0,95.0,0.3999999999999999
23,area,0.7,45,31.5,22.0,0.48
24,area,0.85,79,67.15,10.0,0.75
25,colour,0.15,82,12.3,43.0,0.28
26,colour,0.25,79,19.75,37.0,0.12
27,colour,0.4,66,26.4,82.0,0.41999999999999993
28,colour,0.55,64,35.2,54.0,0.010000000000000009
29,colour,0.7,54,37.8,56.0,0.1399999999999999
30,colour,0.85,65,55.25,44.0,0.41
